{"time":{"value":1.420822427E9},"movingObjects":[{"textureFileName":"/textures/realsun.jpg","icon":"/images/sun.png","wiki":"Sun","surfacePoints":[],"rotationPeriod":2164320.0,"radius":6.96342E8,"primeMeridianJd2000":0.0,"primeMeridian":1.7442464047344401,"mass":1.989E30,"orientation":{"n":{"x":0.24942390598071285,"y":-0.9664710773968935,"z":-0.06100304648632149},"u":{"x":0.960633820849777,"y":0.25489273635496246,"z":-0.1105095253497998},"v":{"x":0.12235349347232781,"y":-0.031037872168809932,"z":0.9920011457283452}},"mi":1.327426776E20,"trajectory":{"color":[1.0,0.7,0.0],"type":"STATIC"},"userOrbitalPoints":[],"index":10,"cartesianState":{"position":{"x":0.0,"y":0.0,"z":0.0},"velocity":{"x":0.0,"y":0.0,"z":0.0}},"timestamp":{"value":1.420822427E9},"name":"Sun","type$":"CelestialBody"},{"keplerianElements":{"keplerianOrbit":{"semimajorAxis":1.49598261E11,"eccentricity":0.0166739,"argumentOfPeriapsis":5.019259750787341,"inclination":3.246498111741865E-5,"ascendingNode":3.0612202415354544,"timeOfPeriapsis":{"value":1.388762391E9},"period":3.15581887296E7,"centralObject":"Sun"},"trueAnomaly":0.10331384468193222},"trajectory":{"periapsis":{"type":"PERIAPSIS","position":{"x":-3.3034631970482807E10,"y":1.4334665318454398E11,"z":-4552619.394876028},"timestamp":{"value":1.4518787684592E9},"keplerianElements":{"keplerianOrbit":{"semimajorAxis":1.49598261E11,"eccentricity":0.0166739,"argumentOfPeriapsis":5.019259750787341,"inclination":3.246498111741865E-5,"ascendingNode":3.0612202415354544,"timeOfPeriapsis":{"value":1.388762391E9},"period":3.15581887296E7,"centralObject":"Sun"},"trueAnomaly":0.0},"visible":false,"name":"Pe of Earth-Moon Barycenter","movingObject":"Earth-Moon Barycenter","type$":"Apsis"},"apoapsis":{"type":"APOAPSIS","position":{"x":3.415494424534806E10,"y":-1.4820800642338052E11,"z":4707013.589290726},"timestamp":{"value":1.4360996740944E9},"keplerianElements":{"keplerianOrbit":{"semimajorAxis":1.49598261E11,"eccentricity":0.0166739,"argumentOfPeriapsis":5.019259750787341,"inclination":3.246498111741865E-5,"ascendingNode":3.0612202415354544,"timeOfPeriapsis":{"value":1.388762391E9},"period":3.15581887296E7,"centralObject":"Sun"},"trueAnomaly":3.141592653589793},"visible":false,"name":"Ap of Earth-Moon Barycenter","movingObject":"Earth-Moon Barycenter","type$":"Apsis"},"color":[0.0,0.5,1.0],"type":"KEPLERIAN"},"userOrbitalPoints":[],"index":11,"cartesianState":{"position":{"x":-4.764601572888E10,"y":1.3918761546194693E11,"z":-4379947.897618611},"velocity":{"x":-28667.40089504211,"y":-9759.140200681677,"z":0.39052855731255104}},"timestamp":{"value":1.420822427E9},"name":"Earth-Moon Barycenter","type$":"BaryCentre"},{"rings":[],"textureFileName":"/textures/earth_hi.jpg","icon":"/images/earth.png","wiki":"Earth","surfacePoints":[{"timestamp":{"value":1.4208048E9},"coordinates":{"r":6371000.0,"theta":0.6981317007977318,"phi":0.2530727415391778},"name":"Crash Site","type$":"CrashSite"}],"rotationPeriod":86164.0416,"radius":6371000.0,"primeMeridianJd2000":3.3186912127896577,"primeMeridian":4.937395427481773,"mass":5.97219E24,"orientation":{"n":{"x":1.0,"y":0.0,"z":0.0},"u":{"x":0.0,"y":0.917482062840573,"z":-0.39777715415268233},"v":{"x":0.0,"y":0.39777715415268233,"z":0.917482062840573}},"mi":3.98574405096E14,"keplerianElements":{"keplerianOrbit":{"semimajorAxis":4686955.382086,"eccentricity":0.055557,"argumentOfPeriapsis":4.620949435543455,"inclination":0.09148143274328278,"ascendingNode":3.632377493921347,"timeOfPeriapsis":{"value":1.400448761E9},"period":2369718.8928,"centralObject":"Earth-Moon Barycenter"},"trueAnomaly":3.693809240355717},"trajectory":{"periapsis":{"type":"PERIAPSIS","position":{"x":-4.764772815619028E10,"y":1.3919167746674188E11,"z":-4782642.174115114},"timestamp":{"value":1.4217762310352E9},"keplerianElements":{"keplerianOrbit":{"semimajorAxis":4686955.382086,"eccentricity":0.055557,"argumentOfPeriapsis":4.620949435543455,"inclination":0.09148143274328278,"ascendingNode":3.632377493921347,"timeOfPeriapsis":{"value":1.400448761E9},"period":2369718.8928,"centralObject":"Earth-Moon Barycenter"},"trueAnomaly":0.0},"visible":false,"name":"Pe of Earth","movingObject":"Earth","type$":"Apsis"},"apoapsis":{"type":"APOAPSIS","position":{"x":-4.7644101833987076E10,"y":1.3918307556107907E11,"z":-3929876.5196574023},"timestamp":{"value":1.4229610904816E9},"keplerianElements":{"keplerianOrbit":{"semimajorAxis":4686955.382086,"eccentricity":0.055557,"argumentOfPeriapsis":4.620949435543455,"inclination":0.09148143274328278,"ascendingNode":3.632377493921347,"timeOfPeriapsis":{"value":1.400448761E9},"period":2369718.8928,"centralObject":"Earth-Moon Barycenter"},"trueAnomaly":3.141592653589793},"visible":false,"name":"Ap of Earth","movingObject":"Earth","type$":"Apsis"},"color":[0.0,0.5,1.0],"type":"KEPLERIAN"},"userOrbitalPoints":[],"index":12,"cartesianState":{"position":{"x":-4.7642030566883705E10,"y":1.391847850523092E11,"z":-3978633.383577404},"velocity":{"x":-28660.802879415533,"y":-9749.294281650993,"z":-0.12081376036533392}},"timestamp":{"value":1.420822427E9},"name":"Earth","type$":"Planet"},{"textureFileName":"/textures/moon_4k.jpg","icon":"/images/moon.png","wiki":"Moon","surfacePoints":[],"rotationPeriod":2360534.4,"radius":1737000.0,"primeMeridianJd2000":0.668832858644503,"primeMeridian":5.679102501568462,"mass":7.349E22,"orientation":{"n":{"x":-8.165342470779161E-5,"y":-0.99999992620216,"z":-3.7540430553972826E-4},"u":{"x":0.9999999960384505,"y":-8.166672229778456E-5,"z":3.5406857202215364E-5},"v":{"x":-3.543751262843569E-5,"y":-3.7540141296144025E-4,"z":0.9999999289089785}},"mi":4.904605016E12,"keplerianElements":{"keplerianOrbit":{"semimajorAxis":3.84399E8,"eccentricity":0.055557,"argumentOfPeriapsis":1.4793567819536617,"inclination":0.09148143274328278,"ascendingNode":3.632377493921347,"timeOfPeriapsis":{"value":1.400448762E9},"period":2369718.8928,"centralObject":"Earth-Moon Barycenter"},"trueAnomaly":3.6938068226141216},"trajectory":{"periapsis":{"type":"PERIAPSIS","position":{"x":-4.7505571604286766E10,"y":1.3885447156492136E11,"z":2.864688179711703E7},"timestamp":{"value":1.4217762320352E9},"keplerianElements":{"keplerianOrbit":{"semimajorAxis":3.84399E8,"eccentricity":0.055557,"argumentOfPeriapsis":1.4793567819536617,"inclination":0.09148143274328278,"ascendingNode":3.632377493921347,"timeOfPeriapsis":{"value":1.400448762E9},"period":2369718.8928,"centralObject":"Earth-Moon Barycenter"},"trueAnomaly":0.0},"visible":false,"name":"Pe of Moon","movingObject":"Moon","type$":"Apsis"},"apoapsis":{"type":"APOAPSIS","position":{"x":-4.7802983146525375E10,"y":1.3955995383759546E11,"z":-4.129239393415663E7},"timestamp":{"value":1.4229610914816E9},"keplerianElements":{"keplerianOrbit":{"semimajorAxis":3.84399E8,"eccentricity":0.055557,"argumentOfPeriapsis":1.4793567819536617,"inclination":0.09148143274328278,"ascendingNode":3.632377493921347,"timeOfPeriapsis":{"value":1.400448762E9},"period":2369718.8928,"centralObject":"Earth-Moon Barycenter"},"trueAnomaly":3.141592653589793},"visible":false,"name":"Ap of Moon","movingObject":"Moon","type$":"Apsis"},"color":[0.5,0.5,0.5],"type":"KEPLERIAN"},"userOrbitalPoints":[],"index":13,"cartesianState":{"position":{"x":-4.797285684961946E10,"y":1.394197513220925E11,"z":-3.7293658796498634E7},"velocity":{"x":-29208.536835388095,"y":-10566.648368619612,"z":42.32788725341983}},"timestamp":{"value":1.420822427E9},"name":"Moon","type$":"CelestialBody"},{"subsystems":[{"specificImpulse":311.0,"massFlow":5.0,"fuel":10585.0,"mass":29000.0,"name":"Main Engine","type$":"Propulsion"},{"crewCapacity":1,"mass":1000.0,"name":"Habitat","type$":"HabitableModule"}],"maneuvers":[{"throttle":1.0,"throttleAlpha":0.0,"throttleDelta":-1.5707963267948966,"start":{"type":"START","position":{"x":-4.71788994006035E10,"y":1.3934125493147647E11,"z":-3853906.119044659},"timestamp":{"value":1.42080642E9},"keplerianElements":{"keplerianOrbit":{"semimajorAxis":7037818.389060218,"eccentricity":0.06377021429873729,