{"time":{"value":1.411476197E9},"movingObjects":[{"rings":[],"textureFileName":"/textures/earth_hi.jpg","icon":"/images/earth.png","wiki":"Earth","surfacePoints":[],"rotationPeriod":86164.0416,"radius":6378000.0,"primeMeridianJd2000":0.0,"primeMeridian":4.947595961391926,"mass":5.97219E24,"orientation":{"n":{"x":1.0,"y":0.0,"z":0.0},"u":{"x":0.0,"y":0.917060074385124,"z":0.3987490689252462},"v":{"x":0.0,"y":-0.3987490689252462,"z":0.917060074385124}},"mi":3.98574405096E14,"trajectory":{"color":[0.0,0.5,1.0],"type":"STATIC"},"userOrbitalPoints":[],"index":10,"cartesianState":{"position":{"x":0.0,"y":0.0,"z":0.0},"velocity":{"x":0.0,"y":0.0,"z":0.0}},"timestamp":{"value":1.411476197E9},"name":"Earth","type$":"Planet"},{"textureFileName":"/textures/moon_4k.jpg","icon":"/images/moon.png","wiki":"Moon","surfacePoints":[],"rotationPeriod":2360534.4,"radius":1737000.0,"primeMeridianJd2000":0.0,"primeMeridian":5.265553032630123,"mass":7.349E22,"orientation":{"n":{"x":-8.165342470779161E-5,"y":-0.99999992620216,"z":-3.7540430553972826E-4},"u":{"x":0.9999999960384505,"y":-8.166672229778456E-5,"z":3.5406857202215364E-5},"v":{"x":-3.543751262843569E-5,"y":-3.7540141296144025E-4,"z":0.9999999289089785}},"mi":4.904605016E12,"keplerianElements":{"keplerianOrbit":{"semimajorAxis":3.84399E8,"eccentricity":0.055557,"argumentOfPeriapsis":1.4793567819536617,"inclination":0.08979719001510825,"ascendingNode":3.632377493921347,"timeOfPeriapsis":{"value":1.400448762E9},"period":2369718.8928,"centralObject":"Earth"},"trueAnomaly":4.018218430086918},"trajectory":{"periapsis":{"type":"PERIAPSIS","position":{"x":1.4047010108544064E8,"y":-3.331925060313456E8,"z":3.2420431265360005E7},"timestamp":{"value":1.412297356464E9},"keplerianElements":{"keplerianOrbit":{"semimajorAxis":3.84399E8,"eccentricity":0.055557,"argumentOfPeriapsis":1.4793567819536617,"inclination":0.08979719001510825,"ascendingNode":3.632377493921347,"timeOfPeriapsis":{"value":1.400448762E9},"period":2369718.8928,"centralObject":"Earth"},"trueAnomaly":0.0},"visible":false,"name":"Pe of Moon","movingObject":"Moon","type$":"Apsis"},"apoapsis":{"type":"APOAPSIS","position":{"x":-1.569964502796299E8,"y":3.7239270351829505E8,"z":-3.623470465149259E7},"timestamp":{"value":1.4134822159104E9},"keplerianElements":{"keplerianOrbit":{"semimajorAxis":3.84399E8,"eccentricity":0.055557,"argumentOfPeriapsis":1.4793567819536617,"inclination":0.08979719001510825,"ascendingNode":3.632377493921347,"timeOfPeriapsis":{"value":1.400448762E9},"period":2369718.8928,"centralObject":"Earth"},"trueAnomaly":3.141592653589793},"visible":false,"name":"Ap of Moon","movingObject":"Moon","type$":"Apsis"},"color":[0.5,0.5,0.5],"type":"KEPLERIAN"},"userOrbitalPoints":[],"index":11,"cartesianState":{"position":{"x":-3.79657314194981E8,"y":1.144560309418617E8,"z":-2.5200696644213535E7},"velocity":{"x":-245.74429114131576,"y":-952.1129636515673,"z":65.17990918279332}},"timestamp":{"value":1.411476197E9},"name":"Moon","type$":"CelestialBody"},{"subsystems":[{"specificImpulse":311.0,"massFlow":5.0,"fuel":28000.0,"mass":29000.0,"name":"Main Engine","type$":"Propulsion"},{"crewCapacity":1,"mass":1000.0,"name":"Habitat","type$":"HabitableModule"}],"maneuvers":[],"target":{"orbitIntersections":[{"position":{"x":5716938.131485761,"y":3055144.086616813,"z":-2.481368204117757},"timestamp":{"value":1.4114811600478024E9},"keplerianElements":{"keplerianOrbit":{"semimajorAxis":6556162.56477267,"eccentricity":0.011711814513281535,"argumentOfPeriapsis":4.609980957140774,"inclination":4.1079666471750495E-7,"ascendingNode":2.432877838010327,"timeOfPeriapsis":{"value":1.411476097718968E9},"period":5283.232651185616,"centralObject":"Earth"},"trueAnomaly":6.014300907695699},"visible":true,"name":"Spacecraft 1/Moon Intersection 0","targetObject":"Moon","movingObject":"Spacecraft 1","type$":"OrbitIntersection"},{"position":{"x":-5847512.154417785,"y":-3124923.1265244693,"z":2.5380422875756206},"timestamp":{"value":1.4114785079661982E9},"keplerianElements":{"keplerianOrbit":{"semimajorAxis":6556162.56477267,"eccentricity":0.011711814513281535,"argumentOfPeriapsis":4.609980957140774,"inclination":4.1079666471750495E-7,"ascendingNode":2.432877838010327,"timeOfPeriapsis":{"value":1.411476097718968E9},"period":5283.232651185616,"centralObject":"Earth"},"trueAnomaly":2.872708254105906},"visible":true,"name":"Spacecraft 1/Moon Intersection 1","targetObject":"Moon","movingObject":"Spacecraft 1","type$":"OrbitIntersection"}],"targetObject":"Moon"},"namedHistoryPoints":[{"position":{"x":-3968964.6379734753,"y":-5313214.106085005,"z":0.0},"timestamp":{"value":1.4114736E9},"origin":"START","name":"Start of Spacecraft 1","type$":"HistoryPoint"}],"mass":30000.0,"orientation":{"n":{"x":-0.7701965918965171,"y":0.6378065614518168,"z":7.0055017975248655E-9},"u":{"x":-0.6378065614517608,"y":-0.7701965918964541,"z":4.104111626115596E-7},"v":{"x":2.671585460156993E-7,"y":3.1162912370698694E-7,"z":0.9999999999999157}},"mi":0.0,"keplerianElements":{"keplerianOrbit":{"semimajorAxis":6556162.56477267,"eccentricity":0.011711814513281535,"argumentOfPeriapsis":4.609980957140774,"inclination":4.1079666471750495E-7,"ascendingNode":2.432877838010327,"timeOfPeriapsis":{"value":1.411476097718968E9},"period":5283.232651185616,"centralObject":"Earth"},"trueAnomaly":0.1208717902646285},"trajectory":{"periapsis":{"type":"PERIAPSIS","position":{"x":4697943.733443106,"y":4462248.761299003,"z":-2.6477618708611352},"timestamp":{"value":1.411481380951619E9},"keplerianElements":{"keplerianOrbit":{"semimajorAxis":6556162.56477267,"eccentricity":0.011711814513281535,"argumentOfPeriapsis":4.609980957140774,"inclination":4.1079666471750495E-7,"ascendingNode":2.432877838010327,"timeOfPeriapsis":{"value":1.411476097718968E9},"period":5283.232651185616,"centralObject":"Earth"},"trueAnomaly":0.0},"visible":true,"name":"Pe of Spacecraft 1","movingObject":"Spacecraft 1","type$":"Apsis"},"apoapsis":{"type":"APOAPSIS","position":{"x":-4809290.699657868,"y":-4568009.470719435,"z":2.710517039570539},"timestamp":{"value":1.4114787393352935E9},"keplerianElements":{"keplerianOrbit":{"semimajorAxis":6556162.56477267,"eccentricity":0.011711814513281535,"argumentOfPeriapsis":4.609980957140774,"inclination":4.1079666471750495E-7,"ascendingNode":2.432877838010327,"timeOfPeriapsis":{"value":1.411476097718968E9},"period":5283.232651185616,"centralObject":"Earth"},"trueAnomaly":3.141592653589793},"visible":true,"name":"Ap of Spacecraft 1","movingObject":"Spacecraft 1","type$":"Apsis"},"color":[1.0,1.0,0.0],"type":"NEWTONIAN"},"userOrbitalPoints":[],"index":1,"cartesianState":{"position":{"x":4125967.9114459776,"y":4996580.910975111,"z":-2.659367718947795},"velocity":{"x":-6075.496687959242,"y":5031.172161016036,"z":5.5261089721977655E-5}},"timestamp":{"value":1.411476197E9},"name":"Spacecraft 1","type$":"Spacecraft"}],"rootSoi":{"radius":1.495978707E13,"children":[{"radius":6.619422498993619E7,"children":[],"body":"Moon"}],"body":"Earth"},"camera":{"position":{"x":2.17124383979153E7,"y":3854295.9751775307,"z":4012770.8158904444},"oppositeOrientation":{"n":{"x":0.9686993543402758,"y":0.17195922236671865,"z":0.17902956946750845},"u":{"x":-0.17478307123513667,"y":0.9846069662609511,"z":0.0},"v":{"x":-0.17627376126440927,"y":-0.03129133799343611,"z":0.9838436935084001}},"distance":2.241401142741792E7,"targetObject":"Earth"}}